Workbook

Sheet Instructions
A1: SolveWithExcel – Challenge #2: Total Sales by Product and Month
A3: Goal:
A4: Build a month-based summary (pivot-style) using formulas (no PivotTable required).
A6: Tasks:
A7: 1) In SalesData, calculate Sales Amount (Quantity × Unit Price).
A8: 2) In SalesData, create a Month bucket (e.g., 2025-01) from the Date.
A9: 3) In Summary, fill the table using SUMIFS to total Sales Amount by Month and Product.
A11: Tip:
A12: Use TEXT(DateCell,"yyyy-mm") for Month and SUMIFS(...) for conditional totals.

Sheet SalesData
A1: Date | B1: Product | C1: Quantity | D1: Unit Price | E1: Sales Amount | F1: Month
A2: 2025-01-02 | B2: Laptop | C2: 2 | D2: 900 | E2: =C2*D2 | F2: =TEXT(A2,"yyyy-mm")
A3: 2025-01-02 | B3: Mouse | C3: 5 | D3: 20 | E3: =C3*D3 | F3: =TEXT(A3,"yyyy-mm")
A4: 2025-01-03 | B4: Laptop | C4: 1 | D4: 900 | E4: =C4*D4 | F4: =TEXT(A4,"yyyy-mm")
A5: 2025-01-03 | B5: Keyboard | C5: 3 | D5: 45 | E5: =C5*D5 | F5: =TEXT(A5,"yyyy-mm")
A6: 2025-01-15 | B6: Mouse | C6: 2 | D6: 20 | E6: =C6*D6 | F6: =TEXT(A6,"yyyy-mm")
A7: 2025-02-02 | B7: Laptop | C7: 1 | D7: 900 | E7: =C7*D7 | F7: =TEXT(A7,"yyyy-mm")
A8: 2025-02-05 | B8: Mouse | C8: 10 | D8: 20 | E8: =C8*D8 | F8: =TEXT(A8,"yyyy-mm")
A9: 2025-02-08 | B9: Keyboard | C9: 2 | D9: 45 | E9: =C9*D9 | F9: =TEXT(A9,"yyyy-mm")
A10: 2025-02-20 | B10: Laptop | C10: 1 | D10: 900 | E10: =C10*D10 | F10: =TEXT(A10,"yyyy-mm")
A11: 2025-03-01 | B11: Mouse | C11: 4 | D11: 20 | E11: =C11*D11 | F11: =TEXT(A11,"yyyy-mm")
A12: 2025-03-10 | B12: Keyboard | C12: 1 | D12: 45 | E12: =C12*D12 | F12: =TEXT(A12,"yyyy-mm")
A13: 2025-03-22 | B13: Laptop | C13: 2 | D13: 900 | E13: =C13*D13 | F13: =TEXT(A13,"yyyy-mm")

Sheet Summary
A1: Month | B1: Laptop | C1: Mouse | D1: Keyboard | E1: Total
A2: 2025-01 | B2: =SUMIFS(SalesData!$E:$E,SalesData!$B:$B,"Laptop",SalesData!$F:$F,$A2) | C2: =SUMIFS(SalesData!$E:$E,SalesData!$B:$B,"Mouse",SalesData!$F:$F,$A2) | D2: =SUMIFS(SalesData!$E:$E,SalesData!$B:$B,"Keyboard",SalesData!$F:$F,$A2) | E2: =SUM(B2:D2)
A3: 2025-02 | B3: =SUMIFS(SalesData!$E:$E,SalesData!$B:$B,"Laptop",SalesData!$F:$F,$A3) | C3: =SUMIFS(SalesData!$E:$E,SalesData!$B:$B,"Mouse",SalesData!$F:$F,$A3) | D3: =SUMIFS(SalesData!$E:$E,SalesData!$B:$B,"Keyboard",SalesData!$F:$F,$A3) | E3: =SUM(B3:D3)
A4: 2025-03 | B4: =SUMIFS(SalesData!$E:$E,SalesData!$B:$B,"Laptop",SalesData!$F:$F,$A4) | C4: =SUMIFS(SalesData!$E:$E,SalesData!$B:$B,"Mouse",SalesData!$F:$F,$A4) | D4: =SUMIFS(SalesData!$E:$E,SalesData!$B:$B,"Keyboard",SalesData!$F:$F,$A4) | E4: =SUM(B4:D4)
